trial,testing,parameters,initial_deadline,final_deadline,net_reward,actions,success
1,False,"{'a': 0.6, 'e': 1.0}",20,0,-91.99084468850894,"{0: 14, 1: 2, 2: 2, 3: 0, 4: 2}",0
2,False,"{'a': 0.6, 'e': 0.5946035575013605}",20,0,-69.55029321519783,"{0: 15, 1: 1, 2: 2, 3: 1, 4: 1}",0
3,False,"{'a': 0.6, 'e': 0.4386913376508308}",25,0,-78.75290154016994,"{0: 18, 1: 2, 2: 4, 3: 0, 4: 1}",0
4,False,"{'a': 0.6, 'e': 0.3535533905932738}",20,0,-35.69336609915825,"{0: 16, 1: 3, 2: 0, 3: 0, 4: 1}",0
5,False,"{'a': 0.6, 'e': 0.2990697562442441}",25,0,10.371401284584397,"{0: 23, 1: 1, 2: 1, 3: 0, 4: 0}",0
6,False,"{'a': 0.6, 'e': 0.26084743001221455}",25,0,-7.468973421371983,"{0: 20, 1: 4, 2: 1, 3: 0, 4: 0}",0
7,False,"{'a': 0.6, 'e': 0.23236808024254083}",25,0,-1.4199764234876506,"{0: 20, 1: 5, 2: 0, 3: 0, 4: 0}",0
8,False,"{'a': 0.6, 'e': 0.21022410381342863}",20,0,10.871855267599713,"{0: 18, 1: 1, 2: 1, 3: 0, 4: 0}",0
9,False,"{'a': 0.6, 'e': 0.19245008972987526}",25,0,19.686529836220487,"{0: 23, 1: 1, 2: 1, 3: 0, 4: 0}",0
10,False,"{'a': 0.6, 'e': 0.1778279410038923}",20,0,6.870761926252303,"{0: 17, 1: 2, 2: 1, 3: 0, 4: 0}",0
11,False,"{'a': 0.6, 'e': 0.16556002607617018}",25,0,3.3698011713744194,"{0: 22, 1: 1, 2: 2, 3: 0, 4: 0}",0
12,False,"{'a': 0.6, 'e': 0.15510080985034994}",20,0,-21.579338689412197,"{0: 18, 1: 0, 2: 1, 3: 0, 4: 1}",0
13,False,"{'a': 0.6, 'e': 0.14606376323968784}",30,0,-24.643776039398798,"{0: 23, 1: 3, 2: 4, 3: 0, 4: 0}",0
14,False,"{'a': 0.6, 'e': 0.1381668871619764}",20,0,-16.381464701743436,"{0: 19, 1: 0, 2: 0, 3: 0, 4: 1}",0
15,False,"{'a': 0.6, 'e': 0.13119931141769536}",20,0,-4.951929112697903,"{0: 17, 1: 2, 2: 0, 3: 1, 4: 0}",0
16,False,"{'a': 0.6, 'e': 0.125}",20,7,20.68701104024518,"{0: 13, 1: 0, 2: 0, 3: 0, 4: 0}",1
17,False,"{'a': 0.6, 'e': 0.11944371675699593}",30,8,18.978028675815224,"{0: 21, 1: 0, 2: 1, 3: 0, 4: 0}",1
18,False,"{'a': 0.6, 'e': 0.11443150799483988}",25,0,22.304377963962597,"{0: 24, 1: 0, 2: 1, 3: 0, 4: 0}",0
19,False,"{'a': 0.6, 'e': 0.10988408578578125}",20,0,14.52157108854546,"{0: 19, 1: 0, 2: 1, 3: 0, 4: 0}",0
20,False,"{'a': 0.6, 'e': 0.10573712634405641}",25,0,33.19648045437097,"{0: 25, 1: 0, 2: 0, 3: 0, 4: 0}",0
21,False,"{'a': 0.6, 'e': 0.10193786394895582}",25,4,17.86842183385127,"{0: 20, 1: 0, 2: 1, 3: 0, 4: 0}",1
22,False,"{'a': 0.6, 'e': 0.0984425804849088}",25,0,31.291722181444225,"{0: 25, 1: 0, 2: 0, 3: 0, 4: 0}",0
23,False,"{'a': 0.6, 'e': 0.09521472622151488}",30,18,11.865336627793011,"{0: 11, 1: 1, 2: 0, 3: 0, 4: 0}",1
24,False,"{'a': 0.6, 'e': 0.09222349330836013}",20,10,14.079774048188876,"{0: 10, 1: 0, 2: 0, 3: 0, 4: 0}",1
25,False,"{'a': 0.6, 'e': 0.08944271909999159}",30,0,-25.402552698941573,"{0: 27, 1: 1, 2: 1, 3: 0, 4: 1}",0
26,False,"{'a': 0.6, 'e': 0.08685003324435484}",25,0,32.68336513684591,"{0: 25, 1: 0, 2: 0, 3: 0, 4: 0}",1
27,False,"{'a': 0.6, 'e': 0.0844261872946214}",20,12,14.31702714726552,"{0: 8, 1: 0, 2: 0, 3: 0, 4: 0}",1
28,False,"{'a': 0.6, 'e': 0.08215452263540021}",20,3,21.24295218479038,"{0: 17, 1: 0, 2: 0, 3: 0, 4: 0}",1
29,False,"{'a': 0.6, 'e': 0.0800205443829684}",25,13,6.149392029881185,"{0: 11, 1: 0, 2: 1, 3: 0, 4: 0}",1
30,False,"{'a': 0.6, 'e': 0.07801157731069053}",20,0,22.92585007989349,"{0: 20, 1: 0, 2: 0, 3: 0, 4: 0}",0
31,False,"{'a': 0.6, 'e': 0.07611648586356667}",25,3,29.36638012645233,"{0: 21, 1: 1, 2: 0, 3: 0, 4: 0}",1
32,False,"{'a': 0.6, 'e': 0.07432544468767006}",20,0,17.86706564616096,"{0: 19, 1: 1, 2: 0, 3: 0, 4: 0}",0
33,False,"{'a': 0.6, 'e': 0.07262974930086152}",30,7,32.75193713526936,"{0: 23, 1: 0, 2: 0, 3: 0, 4: 0}",1
34,False,"{'a': 0.6, 'e': 0.07102165890489465}",20,0,32.087027081829945,"{0: 20, 1: 0, 2: 0, 3: 0, 4: 0}",0
35,False,"{'a': 0.6, 'e': 0.06949426511707964}",30,0,41.39624615624843,"{0: 30, 1: 0, 2: 0, 3: 0, 4: 0}",0
36,False,"{'a': 0.6, 'e': 0.06804138174397717}",25,10,28.604250586548517,"{0: 15, 1: 0, 2: 0, 3: 0, 4: 0}",1
37,False,"{'a': 0.6, 'e': 0.06665745174485568}",20,16,7.0846034723226365,"{0: 4, 1: 0, 2: 0, 3: 0, 4: 0}",1
38,False,"{'a': 0.6, 'e': 0.06533746832101021}",20,2,-6.305609392436633,"{0: 16, 1: 0, 2: 1, 3: 1, 4: 0}",1
39,False,"{'a': 0.6, 'e': 0.0640769076779329}",30,6,20.85915048441351,"{0: 23, 1: 0, 2: 1, 3: 0, 4: 0}",1
40,False,"{'a': 0.6, 'e': 0.06287167148414677}",25,0,13.703641671367757,"{0: 23, 1: 1, 2: 1, 3: 0, 4: 0}",0
41,False,"{'a': 0.6, 'e': 0.061718037425249825}",25,0,37.632904920544,"{0: 25, 1: 0, 2: 0, 3: 0, 4: 0}",0
42,False,"{'a': 0.6, 'e': 0.06061261654813882}",25,0,-7.414765437706178,"{0: 24, 1: 0, 2: 0, 3: 0, 4: 1}",0
43,False,"{'a': 0.6, 'e': 0.059552316326302666}",30,0,39.65094199909161,"{0: 30, 1: 0, 2: 0, 3: 0, 4: 0}",0
44,False,"{'a': 0.6, 'e': 0.05853430856594078}",30,6,37.25606348697296,"{0: 24, 1: 0, 2: 0, 3: 0, 4: 0}",1
45,False,"{'a': 0.6, 'e': 0.0575560014246967}",20,0,29.451045057530237,"{0: 20, 1: 0, 2: 0, 3: 0, 4: 0}",0
46,False,"{'a': 0.6, 'e': 0.056615014937830825}",20,2,16.341761958707025,"{0: 17, 1: 0, 2: 1, 3: 0, 4: 0}",1
47,False,"{'a': 0.6, 'e': 0.05570915954672097}",25,7,16.20442411601016,"{0: 17, 1: 0, 2: 1, 3: 0, 4: 0}",1
48,False,"{'a': 0.6, 'e': 0.05483641720635385}",30,0,5.590899910484081,"{0: 27, 1: 1, 2: 2, 3: 0, 4: 0}",0
49,False,"{'a': 0.6, 'e': 0.05399492471560389}",25,0,36.717414457016716,"{0: 25, 1: 0, 2: 0, 3: 0, 4: 0}",0
50,False,"{'a': 0.6, 'e': 0.053182958969449884}",30,0,32.51155978251407,"{0: 30, 1: 0, 2: 0, 3: 0, 4: 0}",0
51,False,"{'a': 0.6, 'e': 0.0523989238781135}",25,0,14.107743659096453,"{0: 23, 1: 0, 2: 2, 3: 0, 4: 0}",0
52,False,"{'a': 0.6, 'e': 0.051641338736204814}",20,0,25.073346659683097,"{0: 20, 1: 0, 2: 0, 3: 0, 4: 0}",0
53,False,"{'a': 0.6, 'e': 0.05090882785675633}",20,0,17.052686347616085,"{0: 19, 1: 0, 2: 1, 3: 0, 4: 0}",0
54,False,"{'a': 0.6, 'e': 0.050200111311658045}",20,0,25.35453034203763,"{0: 20, 1: 0, 2: 0, 3: 0, 4: 0}",0
55,False,"{'a': 0.6, 'e': 0.049513996642390916}",25,0,-19.18962244885837,"{0: 23, 1: 0, 2: 1, 3: 0, 4: 1}",0
56,False,"{'a': 0.6, 'e': 0.04884937142383502}",25,13,20.444268392227727,"{0: 12, 1: 0, 2: 0, 3: 0, 4: 0}",1
57,False,"{'a': 0.6, 'e': 0.04820519657990303}",20,0,29.702170503738465,"{0: 20, 1: 0, 2: 0, 3: 0, 4: 0}",0
58,False,"{'a': 0.6, 'e': 0.04758050036330853}",20,0,-14.120113020843355,"{0: 17, 1: 1, 2: 1, 3: 1, 4: 0}",0
59,False,"{'a': 0.6, 'e': 0.04697437292332264}",25,0,30.441809539311706,"{0: 25, 1: 0, 2: 0, 3: 0, 4: 0}",0
60,False,"{'a': 0.6, 'e': 0.04638596139522901}",25,11,23.075038268343324,"{0: 14, 1: 0, 2: 0, 3: 0, 4: 0}",1
61,False,"{'a': 0.6, 'e': 0.045814465453626906}",30,17,21.520129979503185,"{0: 13, 1: 0, 2: 0, 3: 0, 4: 0}",1
62,False,"{'a': 0.6, 'e': 0.045259133278978764}",20,1,30.584396856839525,"{0: 19, 1: 0, 2: 0, 3: 0, 4: 0}",1
63,False,"{'a': 0.6, 'e': 0.04471925789303583}",20,0,27.19884714091812,"{0: 20, 1: 0, 2: 0, 3: 0, 4: 0}",0
64,False,"{'a': 0.6, 'e': 0.04419417382415922}",30,0,-7.2980461667017344,"{0: 27, 1: 0, 2: 2, 3: 1, 4: 0}",0
65,False,"{'a': 0.6, 'e': 0.04368325406821042}",25,14,-22.25011166123849,"{0: 10, 1: 0, 2: 0, 3: 0, 4: 1}",1
66,False,"{'a': 0.6, 'e': 0.043185907314724215}",25,17,15.315268471924803,"{0: 8, 1: 0, 2: 0, 3: 0, 4: 0}",1
67,False,"{'a': 0.6, 'e': 0.042701575411586645}",25,15,17.44724517308528,"{0: 10, 1: 0, 2: 0, 3: 0, 4: 0}",1
68,False,"{'a': 0.6, 'e': 0.042229731044498536}",30,8,31.735131366599052,"{0: 22, 1: 0, 2: 0, 3: 0, 4: 0}",1
69,False,"{'a': 0.6, 'e': 0.041769875610174}",20,7,20.70550878035087,"{0: 13, 1: 0, 2: 0, 3: 0, 4: 0}",1
70,False,"{'a': 0.6, 'e': 0.041321537264558256}",20,0,36.13355667570969,"{0: 20, 1: 0, 2: 0, 3: 0, 4: 0}",0
71,False,"{'a': 0.6, 'e': 0.040884269129395766}",30,3,23.50114799607211,"{0: 26, 1: 0, 2: 1, 3: 0, 4: 0}",1
72,False,"{'a': 0.6, 'e': 0.04045764764227695}",20,0,32.72994180119585,"{0: 20, 1: 0, 2: 0, 3: 0, 4: 0}",0
73,False,"{'a': 0.6, 'e': 0.040041271036873494}",20,0,24.908388518549533,"{0: 20, 1: 0, 2: 0, 3: 0, 4: 0}",0
74,False,"{'a': 0.6, 'e': 0.03963475794146647}",25,9,25.70776285897982,"{0: 16, 1: 0, 2: 0, 3: 0, 4: 0}",1
75,False,"{'a': 0.6, 'e': 0.039237746085102825}",25,9,25.538847405928404,"{0: 16, 1: 0, 2: 0, 3: 0, 4: 0}",1
76,False,"{'a': 0.6, 'e': 0.038849891101805124}",20,7,23.312917130011932,"{0: 13, 1: 0, 2: 0, 3: 0, 4: 0}",1
77,False,"{'a': 0.6, 'e': 0.03847086542422466}",25,3,29.990042288407974,"{0: 21, 1: 1, 2: 0, 3: 0, 4: 0}",1
78,False,"{'a': 0.6, 'e': 0.03810035725898515}",25,7,24.87740944587496,"{0: 17, 1: 1, 2: 0, 3: 0, 4: 0}",1
79,False,"{'a': 0.6, 'e': 0.03773806963672571}",30,2,42.06676749369921,"{0: 28, 1: 0, 2: 0, 3: 0, 4: 0}",1
80,False,"{'a': 0.6, 'e': 0.03738371953053051}",20,14,7.87900365221172,"{0: 6, 1: 0, 2: 0, 3: 0, 4: 0}",1
81,False,"{'a': 0.6, 'e': 0.037037037037037035}",20,0,17.46998108161686,"{0: 19, 1: 0, 2: 1, 3: 0, 4: 0}",0
82,False,"{'a': 0.6, 'e': 0.03669776461505565}",20,0,31.618245638300465,"{0: 20, 1: 0, 2: 0, 3: 0, 4: 0}",1
83,False,"{'a': 0.6, 'e': 0.03636565637701606}",25,4,-6.582145528191082,"{0: 20, 1: 0, 2: 0, 3: 0, 4: 1}",1
84,False,"{'a': 0.6, 'e': 0.03604047742898918}",30,11,30.774725722552425,"{0: 19, 1: 0, 2: 0, 3: 0, 4: 0}",1
85,False,"{'a': 0.6, 'e': 0.035722003255421304}",25,0,31.75404334339887,"{0: 25, 1: 0, 2: 0, 3: 0, 4: 0}",0
86,False,"{'a': 0.6, 'e': 0.03541001914506592}",20,1,33.365012349719436,"{0: 19, 1: 0, 2: 0, 3: 0, 4: 0}",1
87,False,"{'a': 0.6, 'e': 0.035104319654912085}",25,0,30.379084977155152,"{0: 25, 1: 0, 2: 0, 3: 0, 4: 0}",0
88,False,"{'a': 0.6, 'e': 0.03480470810919075}",30,14,26.58056338695337,"{0: 16, 1: 0, 2: 0, 3: 0, 4: 0}",1
89,False,"{'a': 0.6, 'e': 0.03451099613079475}",20,0,27.296144754796778,"{0: 20, 1: 0, 2: 0, 3: 0, 4: 0}",0
90,False,"{'a': 0.6, 'e': 0.034223003202678036}",30,3,47.1213503514089,"{0: 27, 1: 0, 2: 0, 3: 0, 4: 0}",1
91,False,"{'a': 0.6, 'e': 0.033940556257007266}",25,0,7.701535435338102,"{0: 23, 1: 1, 2: 0, 3: 1, 4: 0}",0
92,False,"{'a': 0.6, 'e': 0.033663489290026875}",30,8,35.64944749996438,"{0: 22, 1: 0, 2: 0, 3: 0, 4: 0}",1
93,False,"{'a': 0.6, 'e': 0.03339164300076862}",30,0,44.945553561329696,"{0: 30, 1: 0, 2: 0, 3: 0, 4: 0}",0
94,False,"{'a': 0.6, 'e': 0.03312486445189117}",30,15,27.130870003529935,"{0: 15, 1: 0, 2: 0, 3: 0, 4: 0}",1
95,False,"{'a': 0.6, 'e': 0.03286300675107521}",25,7,15.740490288067,"{0: 17, 1: 0, 2: 1, 3: 0, 4: 0}",1
96,False,"{'a': 0.6, 'e': 0.03260592875152682}",30,0,48.557026899746404,"{0: 30, 1: 0, 2: 0, 3: 0, 4: 0}",0
97,False,"{'a': 0.6, 'e': 0.032353494770257694}",20,0,14.508459968779288,"{0: 19, 1: 0, 2: 1, 3: 0, 4: 0}",0
98,False,"{'a': 0.6, 'e': 0.03210557432291621}",20,0,30.623827503126495,"{0: 20, 1: 0, 2: 0, 3: 0, 4: 0}",0
99,False,"{'a': 0.6, 'e': 0.03186204187403944}",20,12,14.137870127738493,"{0: 8, 1: 0, 2: 0, 3: 0, 4: 0}",1
100,False,"{'a': 0.6, 'e': 0.03162277660168379}",20,6,4.106046377573087,"{0: 12, 1: 1, 2: 1, 3: 0, 4: 0}",1
101,False,"{'a': 0.6, 'e': 0.03138766217547228}",20,11,14.571175154522248,"{0: 9, 1: 0, 2: 0, 3: 0, 4: 0}",1
102,False,"{'a': 0.6, 'e': 0.03115658654716927}",20,0,8.931080621817118,"{0: 18, 1: 1, 2: 1, 3: 0, 4: 0}",1
103,False,"{'a': 0.6, 'e': 0.03092944175296087}",30,12,33.54870536494001,"{0: 18, 1: 0, 2: 0, 3: 0, 4: 0}",1
104,False,"{'a': 0.6, 'e': 0.030706123726680197}",20,10,20.642711257982075,"{0: 10, 1: 0, 2: 0, 3: 0, 4: 0}",1
105,False,"{'a': 0.6, 'e': 0.03048653212327314}",20,9,14.200484846568994,"{0: 11, 1: 0, 2: 0, 3: 0, 4: 0}",1
106,False,"{'a': 0.6, 'e': 0.030270570151851677}",20,7,16.165309308060024,"{0: 13, 1: 0, 2: 0, 3: 0, 4: 0}",1
107,False,"{'a': 0.6, 'e': 0.030058144417729263}",20,4,24.016403340663878,"{0: 16, 1: 0, 2: 0, 3: 0, 4: 0}",1
108,False,"{'a': 0.6, 'e': 0.029849164772876163}",30,20,15.027444625574411,"{0: 10, 1: 0, 2: 0, 3: 0, 4: 0}",1
109,False,"{'a': 0.6, 'e': 0.029643544174272844}",30,8,22.839882513970622,"{0: 21, 1: 0, 2: 1, 3: 0, 4: 0}",1
110,False,"{'a': 0.6, 'e': 0.029441198549676056}",20,12,11.452470672932424,"{0: 8, 1: 0, 2: 0, 3: 0, 4: 0}",1
111,False,"{'a': 0.6, 'e': 0.02924204667034645}",20,10,16.292357356497003,"{0: 10, 1: 0, 2: 0, 3: 0, 4: 0}",1
112,False,"{'a': 0.6, 'e': 0.029046010030317603}",30,17,18.027315974164544,"{0: 13, 1: 0, 2: 0, 3: 0, 4: 0}",1
113,False,"{'a': 0.6, 'e': 0.028853012731815345}",25,7,32.059338718858235,"{0: 18, 1: 0, 2: 0, 3: 0, 4: 0}",1
114,False,"{'a': 0.6, 'e': 0.028662981376462757}",25,0,31.385771830130125,"{0: 25, 1: 0, 2: 0, 3: 0, 4: 0}",1
115,False,"{'a': 0.6, 'e': 0.028475844961930893}",25,20,8.623411477079799,"{0: 5, 1: 0, 2: 0, 3: 0, 4: 0}",1
116,False,"{'a': 0.6, 'e': 0.028291534783718025}",30,16,24.31598129843656,"{0: 14, 1: 0, 2: 0, 3: 0, 4: 0}",1
117,False,"{'a': 0.6, 'e': 0.028109984341761176}",25,13,22.00091940531939,"{0: 12, 1: 0, 2: 0, 3: 0, 4: 0}",1
118,False,"{'a': 0.6, 'e': 0.02793112925160323}",20,13,12.689820169252362,"{0: 7, 1: 0, 2: 0, 3: 0, 4: 0}",1
119,False,"{'a': 0.6, 'e': 0.027754907159856946}",20,0,30.456384335809844,"{0: 20, 1: 0, 2: 0, 3: 0, 4: 0}",0
120,False,"{'a': 0.6, 'e': 0.027581257663723942}",20,0,22.90183091141495,"{0: 19, 1: 1, 2: 0, 3: 0, 4: 0}",0
121,False,"{'a': 0.6, 'e': 0.02741012223434215}",20,13,15.542977565114654,"{0: 7, 1: 0, 2: 0, 3: 0, 4: 0}",1
122,False,"{'a': 0.6, 'e': 0.02724144414374974}",25,3,35.295459973141256,"{0: 22, 1: 0, 2: 0, 3: 0, 4: 0}",1
123,False,"{'a': 0.6, 'e': 0.027075168395266885}",25,7,30.25326312019671,"{0: 18, 1: 0, 2: 0, 3: 0, 4: 0}",1
124,False,"{'a': 0.6, 'e': 0.026911241657108988}",30,0,41.69639850478007,"{0: 30, 1: 0, 2: 0, 3: 0, 4: 0}",0
125,False,"{'a': 0.6, 'e': 0.02674961219905688}",25,0,38.12485680909579,"{0: 25, 1: 0, 2: 0, 3: 0, 4: 0}",0
126,False,"{'a': 0.6, 'e': 0.026590229832019904}",25,13,6.34036967127779,"{0: 11, 1: 0, 2: 1, 3: 0, 4: 0}",1
127,False,"{'a': 0.6, 'e': 0.026433045850338056}",35,3,48.305250493601875,"{0: 32, 1: 0, 2: 0, 3: 0, 4: 0}",1
128,False,"{'a': 0.6, 'e': 0.026278012976678578}",20,2,31.469824706042147,"{0: 18, 1: 0, 2: 0, 3: 0, 4: 0}",1
129,False,"{'a': 0.6, 'e': 0.02612508530939113}",20,2,30.529209486617535,"{0: 18, 1: 0, 2: 0, 3: 0, 4: 0}",1
130,False,"{'a': 0.6, 'e': 0.0259742182721937}",20,0,22.7923746322955,"{0: 19, 1: 1, 2: 0, 3: 0, 4: 0}",0
131,False,"{'a': 0.6, 'e': 0.025825368566069127}",25,5,28.517926499942327,"{0: 20, 1: 0, 2: 0, 3: 0, 4: 0}",1
132,False,"{'a': 0.6, 'e': 0.025678494123259045}",20,7,22.525373637200545,"{0: 13, 1: 0, 2: 0, 3: 0, 4: 0}",1
133,False,"{'a': 0.6, 'e': 0.02553355406324866}",25,12,24.43720823616545,"{0: 13, 1: 0, 2: 0, 3: 0, 4: 0}",1
134,False,"{'a': 0.6, 'e': 0.025390508650642043}",30,17,19.770632468691705,"{0: 13, 1: 0, 2: 0, 3: 0, 4: 0}",1
135,False,"{'a': 0.6, 'e': 0.02524931925483332}",20,9,23.3407480813506,"{0: 11, 1: 0, 2: 0, 3: 0, 4: 0}",1
136,False,"{'a': 0.6, 'e': 0.025109948311384477}",35,21,28.214332540670934,"{0: 14, 1: 0, 2: 0, 3: 0, 4: 0}",1
137,False,"{'a': 0.6, 'e': 0.024972359285025704}",25,8,29.64428503441485,"{0: 17, 1: 0, 2: 0, 3: 0, 4: 0}",1
138,False,"{'a': 0.6, 'e': 0.024836516634198773}",20,13,0.741482852532293,"{0: 6, 1: 0, 2: 1, 3: 0, 4: 0}",1
139,False,"{'a': 0.6, 'e': 0.024702385777068493}",25,0,36.114787636274286,"{0: 25, 1: 0, 2: 0, 3: 0, 4: 0}",0
140,False,"{'a': 0.6, 'e': 0.02456993305893138}",35,17,34.44815142126566,"{0: 18, 1: 0, 2: 0, 3: 0, 4: 0}",1
141,False,"{'a': 0.6, 'e': 0.024439125720954573}",20,10,19.619131529239244,"{0: 10, 1: 0, 2: 0, 3: 0, 4: 0}",1
142,False,"{'a': 0.6, 'e': 0.024309931870181777}",30,15,28.153864746956764,"{0: 15, 1: 0, 2: 0, 3: 0, 4: 0}",1
143,False,"{'a': 0.6, 'e': 0.024182320450746263}",20,13,12.735894638235456,"{0: 7, 1: 0, 2: 0, 3: 0, 4: 0}",1
144,False,"{'a': 0.6, 'e': 0.024056261216234408}",20,9,22.86446960015782,"{0: 11, 1: 0, 2: 0, 3: 0, 4: 0}",1
145,False,"{'a': 0.6, 'e': 0.023931724703146078}",25,15,20.001691351900945,"{0: 10, 1: 0, 2: 0, 3: 0, 4: 0}",1
146,False,"{'a': 0.6, 'e': 0.02380868220540117}",25,14,22.65541124715937,"{0: 11, 1: 0, 2: 0, 3: 0, 4: 0}",1
147,False,"{'a': 0.6, 'e': 0.023687105749844176}",25,16,17.17312993913383,"{0: 9, 1: 0, 2: 0, 3: 0, 4: 0}",1
148,False,"{'a': 0.6, 'e': 0.023566968072701262}",25,6,27.937771771155454,"{0: 19, 1: 0, 2: 0, 3: 0, 4: 0}",1
149,False,"{'a': 0.6, 'e': 0.02344824259694662}",25,13,23.48033069495334,"{0: 12, 1: 0, 2: 0, 3: 0, 4: 0}",1
150,False,"{'a': 0.6, 'e': 0.023330903410537222}",20,10,15.632367840441496,"{0: 10, 1: 0, 2: 0, 3: 0, 4: 0}",1
151,False,"{'a': 0.6, 'e': 0.023214925245477008}",25,11,27.671820233488468,"{0: 14, 1: 0, 2: 0, 3: 0, 4: 0}",1
152,False,"{'a': 0.6, 'e': 0.023100283457673777}",30,16,26.23973452098481,"{0: 14, 1: 0, 2: 0, 3: 0, 4: 0}",1
153,False,"{'a': 0.6, 'e': 0.02298695400755367}",20,0,30.5862118970082,"{0: 20, 1: 0, 2: 0, 3: 0, 4: 0}",0
154,False,"{'a': 0.6, 'e': 0.022874913441400073}",20,8,18.322622755119276,"{0: 12, 1: 0, 2: 0, 3: 0, 4: 0}",1
155,False,"{'a': 0.6, 'e': 0.022764138873385336}",25,18,13.566242106998894,"{0: 7, 1: 0, 2: 0, 3: 0, 4: 0}",1
156,False,"{'a': 0.6, 'e': 0.022654607968265354}",25,0,42.58201625920663,"{0: 25, 1: 0, 2: 0, 3: 0, 4: 0}",0
157,False,"{'a': 0.6, 'e': 0.0225462989247084}",25,17,8.561302952168006,"{0: 7, 1: 1, 2: 0, 3: 0, 4: 0}",1
158,False,"{'a': 0.6, 'e': 0.022439190459231186}",30,0,39.11163346300891,"{0: 30, 1: 0, 2: 0, 3: 0, 4: 0}",0
159,False,"{'a': 0.6, 'e': 0.022333261790716315}",25,10,26.455936155731813,"{0: 15, 1: 0, 2: 0, 3: 0, 4: 0}",1
160,False,"{'a': 0.6, 'e': 0.022228492625486537}",35,23,24.033004843623313,"{0: 12, 1: 0, 2: 0, 3: 0, 4: 0}",1
161,False,"{'a': 0.6, 'e': 0.022124863142912524}",20,6,24.954257896792047,"{0: 14, 1: 0, 2: 0, 3: 0, 4: 0}",1
162,False,"{'a': 0.6, 'e': 0.02202235398153187}",20,8,22.1172514794786,"{0: 12, 1: 0, 2: 0, 3: 0, 4: 0}",1
163,False,"{'a': 0.6, 'e': 0.021920946225658114}",25,1,37.48134033271384,"{0: 24, 1: 0, 2: 0, 3: 0, 4: 0}",1
164,False,"{'a': 0.6, 'e': 0.02182062139245964}",20,8,3.7574399262601186,"{0: 11, 1: 0, 2: 0, 3: 1, 4: 0}",1
165,False,"{'a': 0.6, 'e': 0.021721361419489216}",20,13,13.075089242090616,"{0: 7, 1: 0, 2: 0, 3: 0, 4: 0}",1
166,False,"{'a': 0.6, 'e': 0.02162314865264579}",20,5,30.6145732213117,"{0: 15, 1: 0, 2: 0, 3: 0, 4: 0}",1
167,False,"{'a': 0.6, 'e': 0.02152596583455111}",25,1,8.998312315022373,"{0: 22, 1: 1, 2: 0, 3: 1, 4: 0}",1
168,False,"{'a': 0.6, 'e': 0.021429796093324453}",25,7,33.27185661901654,"{0: 18, 1: 0, 2: 0, 3: 0, 4: 0}",1
169,False,"{'a': 0.6, 'e': 0.021334622931739582}",20,9,20.799426092923984,"{0: 11, 1: 0, 2: 0, 3: 0, 4: 0}",1
170,False,"{'a': 0.6, 'e': 0.021240430216748693}",25,15,19.73561897787948,"{0: 10, 1: 0, 2: 0, 3: 0, 4: 0}",1
171,False,"{'a': 0.6, 'e': 0.021147202169358913}",25,10,24.26697196613101,"{0: 15, 1: 0, 2: 0, 3: 0, 4: 0}",1
172,False,"{'a': 0.6, 'e': 0.02105492335484748}",20,15,10.589969599602925,"{0: 5, 1: 0, 2: 0, 3: 0, 4: 0}",1
173,False,"{'a': 0.6, 'e': 0.020963578673302355}",25,11,23.171993761211517,"{0: 14, 1: 0, 2: 0, 3: 0, 4: 0}",1
174,False,"{'a': 0.6, 'e': 0.020873153350475657}",20,0,29.27642151015764,"{0: 20, 1: 0, 2: 0, 3: 0, 4: 0}",0
175,False,"{'a': 0.6, 'e': 0.020783632928937885}",20,0,29.812395372287646,"{0: 20, 1: 0, 2: 0, 3: 0, 4: 0}",0
176,False,"{'a': 0.6, 'e': 0.020695003259521273}",30,12,35.83706116278967,"{0: 18, 1: 0, 2: 0, 3: 0, 4: 0}",1
177,False,"{'a': 0.6, 'e': 0.02060725049304138}",30,12,33.62574590015691,"{0: 18, 1: 0, 2: 0, 3: 0, 4: 0}",1
178,False,"{'a': 0.6, 'e': 0.020520361072286247}",20,6,22.7553273087231,"{0: 14, 1: 0, 2: 0, 3: 0, 4: 0}",1
179,False,"{'a': 0.6, 'e': 0.02043432172426309}",25,17,10.096021776022495,"{0: 8, 1: 0, 2: 0, 3: 0, 4: 0}",1
180,False,"{'a': 0.6, 'e': 0.020349119452692813}",35,13,37.06904641641916,"{0: 22, 1: 0, 2: 0, 3: 0, 4: 0}",1
181,False,"{'a': 0.6, 'e': 0.02026474153074316}",25,11,30.63605177343825,"{0: 14, 1: 0, 2: 0, 3: 0, 4: 0}",1
182,False,"{'a': 0.6, 'e': 0.020181175493991583}",30,22,14.678156183876395,"{0: 8, 1: 0, 2: 0, 3: 0, 4: 0}",1
183,False,"{'a': 0.6, 'e': 0.020098409133609364}",25,7,34.29364364534441,"{0: 18, 1: 0, 2: 0, 3: 0, 4: 0}",1
184,False,"{'a': 0.6, 'e': 0.02001643048975893}",20,13,14.703599767988502,"{0: 7, 1: 0, 2: 0, 3: 0, 4: 0}",1
185,False,"{'a': 0.6, 'e': 0.019935227845196454}",35,17,29.05064812203269,"{0: 18, 1: 0, 2: 0, 3: 0, 4: 0}",1
186,False,"{'a': 0.6, 'e': 0.019854789719072428}",30,16,26.478506743937917,"{0: 14, 1: 0, 2: 0, 3: 0, 4: 0}",1
187,False,"{'a': 0.6, 'e': 0.01977510486092293}",20,11,16.617151703336646,"{0: 9, 1: 0, 2: 0, 3: 0, 4: 0}",1
188,False,"{'a': 0.6, 'e': 0.019696162244844842}",20,8,25.097686498585052,"{0: 12, 1: 0, 2: 0, 3: 0, 4: 0}",1
189,False,"{'a': 0.6, 'e': 0.019617951063848366}",20,5,26.3685294850567,"{0: 15, 1: 0, 2: 0, 3: 0, 4: 0}",1
190,False,"{'a': 0.6, 'e': 0.019540460724380548}",20,0,27.109678573731617,"{0: 20, 1: 0, 2: 0, 3: 0, 4: 0}",0
191,False,"{'a': 0.6, 'e': 0.019463680841013836}",30,3,2.2282400881717894,"{0: 26, 1: 0, 2: 0, 3: 0, 4: 1}",1
192,False,"{'a': 0.6, 'e': 0.019387601231293742}",20,0,37.2681849763722,"{0: 20, 1: 0, 2: 0, 3: 0, 4: 0}",0
193,False,"{'a': 0.6, 'e': 0.019312211910740156}",20,15,9.308008574309802,"{0: 5, 1: 0, 2: 0, 3: 0, 4: 0}",1
194,False,"{'a': 0.6, 'e': 0.019237503087996887}",30,8,35.2780148445366,"{0: 22, 1: 0, 2: 0, 3: 0, 4: 0}",1
195,False,"{'a': 0.6, 'e': 0.019163465160124328}",25,0,34.50813699367816,"{0: 25, 1: 0, 2: 0, 3: 0, 4: 0}",0
196,False,"{'a': 0.6, 'e': 0.019090088708030313}",20,8,20.71277408276468,"{0: 12, 1: 0, 2: 0, 3: 0, 4: 0}",1
197,False,"{'a': 0.6, 'e': 0.01901736449203442}",20,9,18.956441590636082,"{0: 11, 1: 0, 2: 0, 3: 0, 4: 0}",1
198,False,"{'a': 0.6, 'e': 0.018945283447561165}",20,12,15.16786224375777,"{0: 8, 1: 0, 2: 0, 3: 0, 4: 0}",1
199,False,"{'a': 0.6, 'e': 0.018873836680957726}",30,16,28.3831625468605,"{0: 14, 1: 0, 2: 0, 3: 0, 4: 0}",1
200,False,"{'a': 0.6, 'e': 0.018803015465431967}",25,11,22.855633218172002,"{0: 14, 1: 0, 2: 0, 3: 0, 4: 0}",1
201,False,"{'a': 0.6, 'e': 0.018732811237106774}",25,15,18.00296072988906,"{0: 10, 1: 0, 2: 0, 3: 0, 4: 0}",1
202,False,"{'a': 0.6, 'e': 0.01866321559118671}",20,12,17.340834345757578,"{0: 8, 1: 0, 2: 0, 3: 0, 4: 0}",1
203,False,"{'a': 0.6, 'e': 0.0185942202782334}",25,12,26.498352331038898,"{0: 13, 1: 0, 2: 0, 3: 0, 4: 0}",1
204,False,"{'a': 0.6, 'e': 0.018525817200545882}",20,10,17.228580570668587,"{0: 10, 1: 0, 2: 0, 3: 0, 4: 0}",1
205,False,"{'a': 0.6, 'e': 0.018457998408642602}",25,19,12.706097873870176,"{0: 6, 1: 0, 2: 0, 3: 0, 4: 0}",1
206,False,"{'a': 0.6, 'e': 0.01839075609784165}",35,17,27.829743119721414,"{0: 17, 1: 1, 2: 0, 3: 0, 4: 0}",1
207,False,"{'a': 0.6, 'e': 0.018324082604936044}",20,6,19.45345736378558,"{0: 14, 1: 0, 2: 0, 3: 0, 4: 0}",1
208,False,"{'a': 0.6, 'e': 0.01825797040496098}",25,18,14.580533152199099,"{0: 7, 1: 0, 2: 0, 3: 0, 4: 0}",1
209,False,"{'a': 0.6, 'e': 0.018192412108050067}",20,11,16.948612428257853,"{0: 9, 1: 0, 2: 0, 3: 0, 4: 0}",1
210,False,"{'a': 0.6, 'e': 0.018127400456377715}",20,14,9.671144571754722,"{0: 6, 1: 0, 2: 0, 3: 0, 4: 0}",1
211,False,"{'a': 0.6, 'e': 0.018062928321184876}",20,6,28.691806437487795,"{0: 14, 1: 0, 2: 0, 3: 0, 4: 0}",1
212,False,"{'a': 0.6, 'e': 0.017998988699885508}",25,17,3.1198312988564023,"{0: 7, 1: 0, 2: 1, 3: 0, 4: 0}",1
213,False,"{'a': 0.6, 'e': 0.017935574713251197}",25,14,18.999709004425554,"{0: 11, 1: 0, 2: 0, 3: 0, 4: 0}",1
214,False,"{'a': 0.6, 'e': 0.01787267960267148}",25,18,14.187097152229725,"{0: 7, 1: 0, 2: 0, 3: 0, 4: 0}",1
215,False,"{'a': 0.6, 'e': 0.01781029672748746}",25,3,38.12543987693425,"{0: 22, 1: 0, 2: 0, 3: 0, 4: 0}",1
216,False,"{'a': 0.6, 'e': 0.017748419562396457}",20,16,7.137744449003631,"{0: 4, 1: 0, 2: 0, 3: 0, 4: 0}",1
217,False,"{'a': 0.6, 'e': 0.017687041694925486}",20,10,20.888394408621977,"{0: 10, 1: 0, 2: 0, 3: 0, 4: 0}",1
218,False,"{'a': 0.6, 'e': 0.017626156822971365}",20,13,14.438717094622946,"{0: 7, 1: 0, 2: 0, 3: 0, 4: 0}",1
219,False,"{'a': 0.6, 'e': 0.0175657587524055}",20,6,24.875552267245357,"{0: 14, 1: 0, 2: 0, 3: 0, 4: 0}",1
220,False,"{'a': 0.6, 'e': 0.01750584139474128}",20,15,9.101604311952304,"{0: 5, 1: 0, 2: 0, 3: 0, 4: 0}",1
221,False,"{'a': 0.6, 'e': 0.017446398764862186}",35,15,35.136270999997706,"{0: 20, 1: 0, 2: 0, 3: 0, 4: 0}",1
222,False,"{'a': 0.6, 'e': 0.017387424978808814}",20,9,18.006883145775333,"{0: 11, 1: 0, 2: 0, 3: 0, 4: 0}",1
223,False,"{'a': 0.6, 'e': 0.01732891425162295}",30,11,16.90182566527319,"{0: 17, 1: 1, 2: 1, 3: 0, 4: 0}",1
224,False,"{'a': 0.6, 'e': 0.01727086089524705}",35,21,20.871108640792052,"{0: 14, 1: 0, 2: 0, 3: 0, 4: 0}",1
225,False,"{'a': 0.6, 'e': 0.01721325931647741}",25,11,23.63380718936847,"{0: 14, 1: 0, 2: 0, 3: 0, 4: 0}",1
226,False,"{'a': 0.6, 'e': 0.017156104014969455}",30,13,33.86996677925086,"{0: 17, 1: 0, 2: 0, 3: 0, 4: 0}",1
227,False,"{'a': 0.6, 'e': 0.01709938958129357}",25,15,15.316878821497209,"{0: 10, 1: 0, 2: 0, 3: 0, 4: 0}",1
228,False,"{'a': 0.6, 'e': 0.017043110695039998}",25,11,22.836098257755495,"{0: 14, 1: 0, 2: 0, 3: 0, 4: 0}",1
229,False,"{'a': 0.6, 'e': 0.016987262122971348}",25,11,28.200064293986443,"{0: 14, 1: 0, 2: 0, 3: 0, 4: 0}",1
230,False,"{'a': 0.6, 'e': 0.016931838717221304}",30,6,34.067390417641306,"{0: 24, 1: 0, 2: 0, 3: 0, 4: 0}",1
231,False,"{'a': 0.6, 'e': 0.016876835413538214}",25,8,16.085944690710438,"{0: 16, 1: 0, 2: 1, 3: 0, 4: 0}",1
232,False,"{'a': 0.6, 'e': 0.016822247229572224}",30,16,27.56840537970028,"{0: 14, 1: 0, 2: 0, 3: 0, 4: 0}",1
233,False,"{'a': 0.6, 'e': 0.0167680692632047}",20,5,23.406018059036523,"{0: 15, 1: 0, 2: 0, 3: 0, 4: 0}",1
234,False,"{'a': 0.6, 'e': 0.016714296690918735}",25,7,29.138667612584566,"{0: 18, 1: 0, 2: 0, 3: 0, 4: 0}",1
235,False,"{'a': 0.6, 'e': 0.016660924766209544}",30,0,33.848626978293815,"{0: 30, 1: 0, 2: 0, 3: 0, 4: 0}",0
236,False,"{'a': 0.6, 'e': 0.016607948818033593}",20,0,29.48570388883104,"{0: 20, 1: 0, 2: 0, 3: 0, 4: 0}",0
237,False,"{'a': 0.6, 'e': 0.016555364249295407}",20,0,28.04474242513429,"{0: 20, 1: 0, 2: 0, 3: 0, 4: 0}",0
238,False,"{'a': 0.6, 'e': 0.016503166535370924}",25,0,39.935926638764066,"{0: 25, 1: 0, 2: 0, 3: 0, 4: 0}",0
239,False,"{'a': 0.6, 'e': 0.01645135122266641}",20,3,25.298694775157625,"{0: 17, 1: 0, 2: 0, 3: 0, 4: 0}",1
240,False,"{'a': 0.6, 'e': 0.01639991392721192}",35,12,39.665010111926144,"{0: 23, 1: 0, 2: 0, 3: 0, 4: 0}",1
241,False,"{'a': 0.6, 'e': 0.016348850333288326}",25,11,26.277773924988285,"{0: 14, 1: 0, 2: 0, 3: 0, 4: 0}",1
242,False,"{'a': 0.6, 'e': 0.016298156192086983}",20,10,17.261739861509177,"{0: 10, 1: 0, 2: 0, 3: 0, 4: 0}",1
243,False,"{'a': 0.6, 'e': 0.016247827320401143}",25,10,26.721177812060375,"{0: 15, 1: 0, 2: 0, 3: 0, 4: 0}",1
244,False,"{'a': 0.6, 'e': 0.0161978595993482}",20,5,27.771748042444322,"{0: 15, 1: 0, 2: 0, 3: 0, 4: 0}",1
245,False,"{'a': 0.6, 'e': 0.016148248973121965}",35,12,45.68454195837795,"{0: 23, 1: 0, 2: 0, 3: 0, 4: 0}",1
246,False,"{'a': 0.6, 'e': 0.016098991447774092}",20,13,9.936704843321253,"{0: 7, 1: 0, 2: 0, 3: 0, 4: 0}",1
247,False,"{'a': 0.6, 'e': 0.0160500830900239}",20,5,26.86420409996943,"{0: 15, 1: 0, 2: 0, 3: 0, 4: 0}",1
248,False,"{'a': 0.6, 'e': 0.016001520026095815}",25,7,29.673203883531777,"{0: 18, 1: 0, 2: 0, 3: 0, 4: 0}",1
249,False,"{'a': 0.6, 'e': 0.015953298440583644}",30,18,26.06529412811662,"{0: 12, 1: 0, 2: 0, 3: 0, 4: 0}",1
250,False,"{'a': 0.6, 'e': 0.015905414575341014}",25,0,32.84660374410715,"{0: 25, 1: 0, 2: 0, 3: 0, 4: 0}",0
251,False,"{'a': 0.6, 'e': 0.01585786472839722}",20,8,21.748472312582134,"{0: 12, 1: 0, 2: 0, 3: 0, 4: 0}",1
252,False,"{'a': 0.6, 'e': 0.01581064525289784}",20,3,28.615459306985294,"{0: 17, 1: 0, 2: 0, 3: 0, 4: 0}",1
253,False,"{'a': 0.6, 'e': 0.015763752556069408}",25,0,39.75554035134483,"{0: 25, 1: 0, 2: 0, 3: 0, 4: 0}",0
254,False,"{'a': 0.6, 'e': 0.015717183098207584}",25,7,27.40131260611076,"{0: 18, 1: 0, 2: 0, 3: 0, 4: 0}",1
255,False,"{'a': 0.6, 'e': 0.015670933391688107}",20,5,27.40292898111037,"{0: 15, 1: 0, 2: 0, 3: 0, 4: 0}",1
256,False,"{'a': 0.6, 'e': 0.015625}",25,10,27.05721451422516,"{0: 15, 1: 0, 2: 0, 3: 0, 4: 0}",1
257,False,"{'a': 0.6, 'e': 0.015579379536800405}",25,10,25.97928428371022,"{0: 15, 1: 0, 2: 0, 3: 0, 4: 0}",1
258,False,"{'a': 0.6, 'e': 0.015534068664990498}",30,18,19.39427609060419,"{0: 12, 1: 0, 2: 0, 3: 0, 4: 0}",1
259,False,"{'a': 0.6, 'e': 0.01548906409581192}",20,10,11.383438062154923,"{0: 9, 1: 1, 2: 0, 3: 0, 4: 0}",1
260,False,"{'a': 0.6, 'e': 0.015444362587963214}",25,1,30.99431214605081,"{0: 24, 1: 0, 2: 0, 3: 0, 4: 0}",1
261,False,"{'a': 0.6, 'e': 0.015399960946735734}",30,17,23.891238055738786,"{0: 13, 1: 0, 2: 0, 3: 0, 4: 0}",1
262,False,"{'a': 0.6, 'e': 0.015355856023168513}",25,14,20.243799639082976,"{0: 11, 1: 0, 2: 0, 3: 0, 4: 0}",1
263,False,"{'a': 0.6, 'e': 0.015312044713221635}",30,7,41.22483824249908,"{0: 23, 1: 0, 2: 0, 3: 0, 4: 0}",1
264,False,"{'a': 0.6, 'e': 0.015268523956967608}",25,13,20.5793566454265,"{0: 12, 1: 0, 2: 0, 3: 0, 4: 0}",1
265,False,"{'a': 0.6, 'e': 0.0152252907378003}",20,7,22.356922532942477,"{0: 13, 1: 0, 2: 0, 3: 0, 4: 0}",1
266,False,"{'a': 0.6, 'e': 0.015182342081660971}",20,9,7.808932987268387,"{0: 10, 1: 0, 2: 1, 3: 0, 4: 0}",1
267,False,"{'a': 0.6, 'e': 0.015139675056280995}",20,12,14.59203832232869,"{0: 8, 1: 0, 2: 0, 3: 0, 4: 0}",1
268,False,"{'a': 0.6, 'e': 0.015097286770440829}",20,6,20.684736260091086,"{0: 14, 1: 0, 2: 0, 3: 0, 4: 0}",1
269,False,"{'a': 0.6, 'e': 0.015055174373244821}",20,12,11.99085936068423,"{0: 8, 1: 0, 2: 0, 3: 0, 4: 0}",1
270,False,"{'a': 0.6, 'e': 0.015013335053411493}",20,6,22.928565187323564,"{0: 14, 1: 0, 2: 0, 3: 0, 4: 0}",1
271,False,"{'a': 0.6, 'e': 0.014971766038578867}",20,14,14.152237993656827,"{0: 6, 1: 0, 2: 0, 3: 0, 4: 0}",1
1,True,"{'a': 0, 'e': 0}",20,7,25.31287095597951,"{0: 13, 1: 0, 2: 0, 3: 0, 4: 0}",1
2,True,"{'a': 0, 'e': 0}",25,2,34.026324840873684,"{0: 23, 1: 0, 2: 0, 3: 0, 4: 0}",1
3,True,"{'a': 0, 'e': 0}",20,9,17.252621448995754,"{0: 11, 1: 0, 2: 0, 3: 0, 4: 0}",1
4,True,"{'a': 0, 'e': 0}",20,10,21.579490740012286,"{0: 10, 1: 0, 2: 0, 3: 0, 4: 0}",1
5,True,"{'a': 0, 'e': 0}",30,9,37.25166865163037,"{0: 21, 1: 0, 2: 0, 3: 0, 4: 0}",1
6,True,"{'a': 0, 'e': 0}",20,15,11.244217924909863,"{0: 5, 1: 0, 2: 0, 3: 0, 4: 0}",1
7,True,"{'a': 0, 'e': 0}",20,2,27.863759237878448,"{0: 18, 1: 0, 2: 0, 3: 0, 4: 0}",1
8,True,"{'a': 0, 'e': 0}",25,16,16.223848098787606,"{0: 9, 1: 0, 2: 0, 3: 0, 4: 0}",1
9,True,"{'a': 0, 'e': 0}",20,12,11.639482986090286,"{0: 8, 1: 0, 2: 0, 3: 0, 4: 0}",1
10,True,"{'a': 0, 'e': 0}",20,10,15.552117078187827,"{0: 10, 1: 0, 2: 0, 3: 0, 4: 0}",1
11,True,"{'a': 0, 'e': 0}",25,4,34.80620109653153,"{0: 21, 1: 0, 2: 0, 3: 0, 4: 0}",1
12,True,"{'a': 0, 'e': 0}",20,7,24.68828301567009,"{0: 13, 1: 0, 2: 0, 3: 0, 4: 0}",1
13,True,"{'a': 0, 'e': 0}",25,13,20.057723624257285,"{0: 12, 1: 0, 2: 0, 3: 0, 4: 0}",1
14,True,"{'a': 0, 'e': 0}",25,13,24.29301842193193,"{0: 12, 1: 0, 2: 0, 3: 0, 4: 0}",1
15,True,"{'a': 0, 'e': 0}",20,15,8.551250834961099,"{0: 5, 1: 0, 2: 0, 3: 0, 4: 0}",1
16,True,"{'a': 0, 'e': 0}",25,14,20.66025546558159,"{0: 11, 1: 0, 2: 0, 3: 0, 4: 0}",1
17,True,"{'a': 0, 'e': 0}",20,5,26.66845026322425,"{0: 15, 1: 0, 2: 0, 3: 0, 4: 0}",1
18,True,"{'a': 0, 'e': 0}",25,3,35.35466244186099,"{0: 22, 1: 0, 2: 0, 3: 0, 4: 0}",1
19,True,"{'a': 0, 'e': 0}",25,10,25.36902735017227,"{0: 15, 1: 0, 2: 0, 3: 0, 4: 0}",1
20,True,"{'a': 0, 'e': 0}",25,12,21.7900237306478,"{0: 13, 1: 0, 2: 0, 3: 0, 4: 0}",1
